"","text","favorited","favoriteCount","replyToSN","created","truncated","replyToSID","id","replyToUID","statusSource","screenName","retweetCount","isRetweet","retweeted","longitude","latitude"
"1","RT @pinkvilla: Photos: Tamannaah Bhatia, Prabhudheva and Shruti Haasan at the special screening of F2 Fun And Frustration - https://t.co/r3…",FALSE,0,NA,2019-01-30 05:29:02,FALSE,NA,"1090481996726452224",NA,"<a href=""http://twitter.com/download/android"" rel=""nofollow"">Twitter for Android</a>","Anshshruti28",2,TRUE,FALSE,NA,NA
"2","RT @pinkvilla: Photos: Tamannaah Bhatia, Prabhudheva and Shruti Haasan at the special screening of F2 Fun And Frustration - https://t.co/r3…",FALSE,0,NA,2019-01-30 04:25:28,FALSE,NA,"1090465999466479617",NA,"<a href=""http://twitter.com"" rel=""nofollow"">Twitter Web Client</a>","PinkvillaSouth",2,TRUE,FALSE,NA,NA
"3","Photos: Tamannaah Bhatia, Prabhudheva and Shruti Haasan at the special screening of F2 Fun And Frustration -… https://t.co/AqYwxObMYJ",FALSE,16,NA,2019-01-30 04:24:12,TRUE,NA,"1090465681123041280",NA,"<a href=""http://www.pinkvilla.com"" rel=""nofollow"">PinkVilla</a>","pinkvilla",2,FALSE,FALSE,NA,NA
"4","RT @BengalNewzIndia: The late #Bollywood actor, #KaderKhan, has been named for #PadmaShri honour by the government, which will also confer…",FALSE,0,NA,2019-01-29 13:15:41,FALSE,NA,"1090237045002268673",NA,"<a href=""http://twitter.com"" rel=""nofollow"">Twitter Web Client</a>","BengalNewzHindi",3,TRUE,FALSE,NA,NA
"5","RT @connectajitcpr: Prabhudheva on being conferred with #PadmaShri: I feel extremely honoured 

~Movies News https://t.co/N63oIzX5or",FALSE,0,NA,2019-01-29 08:33:59,FALSE,NA,"1090166151676682240",NA,"<a href=""http://twitter.com"" rel=""nofollow"">Twitter Web Client</a>","GuruprasadK_",6,TRUE,FALSE,NA,NA
"6","Prabhudheva on being conferred with Padma Shri: Feel extremely honoured https://t.co/x7l53CAdnZ",FALSE,0,NA,2019-01-29 06:12:10,FALSE,NA,"1090130462436147200",NA,"<a href=""http://www.crowdfireapp.com"" rel=""nofollow"">Crowdfire Inc.</a>","DJDREK84",0,FALSE,FALSE,NA,NA
"7","#CharlieChaplin2 #Thalapathy Sneak Peek #Prabhudheva #NikkiGalrani
https://t.co/zdfvk4QPD9
#Rajinikanth #ThalaAjith… https://t.co/HGFV4m6Tgx",FALSE,0,NA,2019-01-29 06:03:36,TRUE,NA,"1090128304793968640",NA,"<a href=""http://twitter.com"" rel=""nofollow"">Twitter Web Client</a>","PhotoNews26",0,FALSE,FALSE,NA,NA
"8","RT @Iftykhan15: “I am working hard to ensure Dabangg 3 turns out as effective as the previous Dabangg films. Salman Khan and Arbaaz Khan ha…",FALSE,0,NA,2019-01-29 04:11:34,FALSE,NA,"1090100110870994945",NA,"<a href=""http://twitter.com"" rel=""nofollow"">Twitter Web Client</a>","Erfan773",8,TRUE,FALSE,NA,NA
"9","RT @SalmanKhanHolic: <U+2605> @PDdancing gears for #Dabangg3! “I have five different projects in Tamil as an actor which are in various stages of…",FALSE,0,NA,2019-01-29 03:09:27,FALSE,NA,"1090084482051239936",NA,"<a href=""http://twitter.com/download/android"" rel=""nofollow"">Twitter for Android</a>","insiyanadiadi",15,TRUE,FALSE,NA,NA
"10","RT @Vijaykarnataka: <U+0CA8><U+0C9F> <U+0CAA><U+0CCD><U+0CB0><U+0CAD><U+0CC1><U+0CA6><U+0CC7><U+0CB5><U+0CBE> <U+0C95><U+0CB0><U+0CCD><U+0CA8><U+0CBE><U+0C9F><U+0C95><U+0C95><U+0CCD><U+0C95><U+0CC6> <U+0C8F><U+0CA8><U+0CC1> <U+0CAE><U+0CBE><U+0CA1><U+0CBF><U+0CA6><U+0CCD><U+0CA6><U+0CBE><U+0CB0><U+0CC6>? <U+0C8E><U+0C82><U+0CA6> <U+0C9F><U+0CCD><U+0CB5><U+0CBF><U+0C9F><U+0CB0><U+0CBF><U+0C97><U+0CB0><U+0CC1>
   #ShivakumaraSwami https://t.co/FyyuezhPn2",FALSE,0,NA,2019-01-29 02:15:32,FALSE,NA,"1090070911749779456",NA,"<a href=""http://twitter.com/download/android"" rel=""nofollow"">Twitter for Android</a>","AkHaridas",9,TRUE,FALSE,NA,NA
"11","RT @connectajitcpr: Prabhudheva on being conferred with #PadmaShri: I feel extremely honoured 

~Movies News https://t.co/N63oIzX5or",FALSE,0,NA,2019-01-29 01:29:01,FALSE,NA,"1090059205170606080",NA,"<a href=""http://twitter.com/download/android"" rel=""nofollow"">Twitter for Android</a>","STPIManjunathan",6,TRUE,FALSE,NA,NA
"12","RT @spiceofi: #KODAMBAKKAM: Prabhudheva extremely honored on being conferred Padma Shri award. https://t.co/mN7kMU5Jro",FALSE,0,NA,2019-01-29 00:27:00,FALSE,NA,"1090043597448269824",NA,"<a href=""http://twitter.com/download/android"" rel=""nofollow"">Twitter for Android</a>","cindynaidoo3",1,TRUE,FALSE,NA,NA
"13","RT @SalmanKhanHolic: <U+2605> @PDdancing gears for #Dabangg3! “I have five different projects in Tamil as an actor which are in various stages of…",FALSE,0,NA,2019-01-28 21:05:02,FALSE,NA,"1089992771283369984",NA,"<a href=""http://twitter.com"" rel=""nofollow"">Twitter Web Client</a>","Baheshta_S",15,TRUE,FALSE,NA,NA
"14","RT @mystery0725: Prabhudheva gears for #Dabangg3 || https://t.co/o7MHx5p2fo
#SalmanKhan",FALSE,0,NA,2019-01-28 18:06:02,FALSE,NA,"1089947723325788166",NA,"<a href=""http://twitter.com/download/android"" rel=""nofollow"">Twitter for Android</a>","SudhanshuSK14",28,TRUE,FALSE,NA,NA
"15","RT @mystery0725: Prabhudheva gears for #Dabangg3 || https://t.co/o7MHx5p2fo
#SalmanKhan",FALSE,0,NA,2019-01-28 18:02:42,FALSE,NA,"1089946885870239746",NA,"<a href=""http://twitter.com/download/android"" rel=""nofollow"">Twitter for Android</a>","mkd_mohsin",28,TRUE,FALSE,NA,NA
"16","Prabhudheva gears for Salman Khan’s upcoming ‘Dabangg 3’- Punjab Star https://t.co/GvZqhSgyYX",FALSE,0,NA,2019-01-28 16:23:43,FALSE,NA,"1089921976209195009",NA,"<a href=""http://www.facebook.com/twitter"" rel=""nofollow"">Facebook</a>","punjabstar",0,FALSE,FALSE,NA,NA
"17","RT @mystery0725: Prabhudheva gears for #Dabangg3 || https://t.co/o7MHx5p2fo
#SalmanKhan",FALSE,0,NA,2019-01-28 15:55:54,FALSE,NA,"1089914976465289216",NA,"<a href=""http://twitter.com"" rel=""nofollow"">Twitter Web Client</a>","IamKabuliwala",28,TRUE,FALSE,NA,NA
"18","RT @Vijaykarnataka: <U+0CA8><U+0C9F> <U+0CAA><U+0CCD><U+0CB0><U+0CAD><U+0CC1><U+0CA6><U+0CC7><U+0CB5><U+0CBE> <U+0C95><U+0CB0><U+0CCD><U+0CA8><U+0CBE><U+0C9F><U+0C95><U+0C95><U+0CCD><U+0C95><U+0CC6> <U+0C8F><U+0CA8><U+0CC1> <U+0CAE><U+0CBE><U+0CA1><U+0CBF><U+0CA6><U+0CCD><U+0CA6><U+0CBE><U+0CB0><U+0CC6>? <U+0C8E><U+0C82><U+0CA6> <U+0C9F><U+0CCD><U+0CB5><U+0CBF><U+0C9F><U+0CB0><U+0CBF><U+0C97><U+0CB0><U+0CC1>
   #ShivakumaraSwami https://t.co/FyyuezhPn2",FALSE,0,NA,2019-01-28 15:51:30,FALSE,NA,"1089913867168374785",NA,"<a href=""http://twitter.com/download/android"" rel=""nofollow"">Twitter for Android</a>","incmandyaa",9,TRUE,FALSE,NA,NA
"19","RT @Vijaykarnataka: <U+0CA8><U+0C9F> <U+0CAA><U+0CCD><U+0CB0><U+0CAD><U+0CC1><U+0CA6><U+0CC7><U+0CB5><U+0CBE> <U+0C95><U+0CB0><U+0CCD><U+0CA8><U+0CBE><U+0C9F><U+0C95><U+0C95><U+0CCD><U+0C95><U+0CC6> <U+0C8F><U+0CA8><U+0CC1> <U+0CAE><U+0CBE><U+0CA1><U+0CBF><U+0CA6><U+0CCD><U+0CA6><U+0CBE><U+0CB0><U+0CC6>? <U+0C8E><U+0C82><U+0CA6> <U+0C9F><U+0CCD><U+0CB5><U+0CBF><U+0C9F><U+0CB0><U+0CBF><U+0C97><U+0CB0><U+0CC1>
   #ShivakumaraSwami https://t.co/FyyuezhPn2",FALSE,0,NA,2019-01-28 15:35:29,FALSE,NA,"1089909837658415104",NA,"<a href=""http://twitter.com/download/android"" rel=""nofollow"">Twitter for Android</a>","RaghuB69434622",9,TRUE,FALSE,NA,NA
"20","Swag awaiting<f0><U+009F><U+0098><U+008E><f0><U+009F><U+00A4><U+0098>
@mohanshakti @prabhudheva 
.
.
.
#3iscoming #mohanshakti #shaktimohan #teamshakti #prabhusir… https://t.co/0x6SlHRLeL",FALSE,12,NA,2019-01-28 15:33:34,TRUE,NA,"1089909355208527872",NA,"<a href=""http://twitter.com/download/android"" rel=""nofollow"">Twitter for Android</a>","purely_shaktian",0,FALSE,FALSE,NA,NA
"21","RT @mystery0725: Prabhudheva gears for #Dabangg3 || https://t.co/o7MHx5p2fo
#SalmanKhan",FALSE,0,NA,2019-01-28 14:57:04,FALSE,NA,"1089900170232369152",NA,"<a href=""http://twitter.com/download/android"" rel=""nofollow"">Twitter for Android</a>","being_ansari",28,TRUE,FALSE,NA,NA
"22","Prabhudheva on being conferred with Padma Shri: I feel extremely honoured https://t.co/GJ3pUreIpP",FALSE,0,NA,2019-01-28 14:47:16,FALSE,NA,"1089897703654518784",NA,"<a href=""http://www.facebook.com/twitter"" rel=""nofollow"">Facebook</a>","SumitNSingh",0,FALSE,FALSE,NA,NA
"23","Prabhudheva gears for Salman Khan's upcoming 'Dabangg 3' - https://t.co/dWYVqNs8C2   #CinemaShowbiz https://t.co/uH6M24cEzU",FALSE,0,NA,2019-01-28 14:32:45,FALSE,NA,"1089894048314388485",NA,"<a href=""https://www.punjabupdate.com"" rel=""nofollow"">PB Update</a>","Punjabupdate",0,FALSE,FALSE,NA,NA
"24","#KODAMBAKKAM: Prabhudheva extremely honored on being conferred Padma Shri award. https://t.co/mN7kMU5Jro",FALSE,1,NA,2019-01-28 12:35:35,FALSE,NA,"1089864563967909888",NA,"<a href=""https://about.twitter.com/products/tweetdeck"" rel=""nofollow"">TweetDeck</a>","spiceofi",1,FALSE,FALSE,NA,NA
"25","Padma Shri @PDdancing Gears For Dabangg 3
https://t.co/pBReZPthJe https://t.co/op6XY0hewj",FALSE,0,NA,2019-01-28 12:15:45,FALSE,NA,"1089859575036006400",NA,"<a href=""http://twitter.com"" rel=""nofollow"">Twitter Web Client</a>","skjbolly",0,FALSE,FALSE,NA,NA
"26","RT @mystery0725: Prabhudheva gears for #Dabangg3 || https://t.co/o7MHx5p2fo
#SalmanKhan",FALSE,0,NA,2019-01-28 10:59:11,FALSE,NA,"1089840302947483649",NA,"<a href=""http://twitter.com/download/android"" rel=""nofollow"">Twitter for Android</a>","BeingRufana_SK",28,TRUE,FALSE,NA,NA
"27","RT @SalmanKhanHolic: <U+2605> @PDdancing gears for #Dabangg3! “I have five different projects in Tamil as an actor which are in various stages of…",FALSE,0,NA,2019-01-28 10:51:13,FALSE,NA,"1089838301668958208",NA,"<a href=""http://twitter.com/download/iphone"" rel=""nofollow"">Twitter for iPhone</a>","nassallu",15,TRUE,FALSE,NA,NA
"28","RT @connectajitcpr: Prabhudheva on being conferred with #PadmaShri: I feel extremely honoured 

~Movies News https://t.co/N63oIzX5or",FALSE,0,NA,2019-01-28 10:32:51,FALSE,NA,"1089833678551769088",NA,"<a href=""http://twitter.com/download/android"" rel=""nofollow"">Twitter for Android</a>","I_Shubham1993",6,TRUE,FALSE,NA,NA
"29","RT @Vijaykarnataka: <U+0CA8><U+0C9F> <U+0CAA><U+0CCD><U+0CB0><U+0CAD><U+0CC1><U+0CA6><U+0CC7><U+0CB5><U+0CBE> <U+0C95><U+0CB0><U+0CCD><U+0CA8><U+0CBE><U+0C9F><U+0C95><U+0C95><U+0CCD><U+0C95><U+0CC6> <U+0C8F><U+0CA8><U+0CC1> <U+0CAE><U+0CBE><U+0CA1><U+0CBF><U+0CA6><U+0CCD><U+0CA6><U+0CBE><U+0CB0><U+0CC6>? <U+0C8E><U+0C82><U+0CA6> <U+0C9F><U+0CCD><U+0CB5><U+0CBF><U+0C9F><U+0CB0><U+0CBF><U+0C97><U+0CB0><U+0CC1>
   #ShivakumaraSwami https://t.co/FyyuezhPn2",FALSE,0,NA,2019-01-28 10:29:22,FALSE,NA,"1089832802424578048",NA,"<a href=""http://twitter.com/download/android"" rel=""nofollow"">Twitter for Android</a>","Sanju38764113",9,TRUE,FALSE,NA,NA
"30","RT @Vijaykarnataka: <U+0CA8><U+0C9F> <U+0CAA><U+0CCD><U+0CB0><U+0CAD><U+0CC1><U+0CA6><U+0CC7><U+0CB5><U+0CBE> <U+0C95><U+0CB0><U+0CCD><U+0CA8><U+0CBE><U+0C9F><U+0C95><U+0C95><U+0CCD><U+0C95><U+0CC6> <U+0C8F><U+0CA8><U+0CC1> <U+0CAE><U+0CBE><U+0CA1><U+0CBF><U+0CA6><U+0CCD><U+0CA6><U+0CBE><U+0CB0><U+0CC6>? <U+0C8E><U+0C82><U+0CA6> <U+0C9F><U+0CCD><U+0CB5><U+0CBF><U+0C9F><U+0CB0><U+0CBF><U+0C97><U+0CB0><U+0CC1>
   #ShivakumaraSwami https://t.co/FyyuezhPn2",FALSE,0,NA,2019-01-28 10:14:52,FALSE,NA,"1089829151689732096",NA,"<a href=""http://twitter.com/download/android"" rel=""nofollow"">Twitter for Android</a>","gangusmile_VK",9,TRUE,FALSE,NA,NA
"31","RT @Vijaykarnataka: <U+0CA8><U+0C9F> <U+0CAA><U+0CCD><U+0CB0><U+0CAD><U+0CC1><U+0CA6><U+0CC7><U+0CB5><U+0CBE> <U+0C95><U+0CB0><U+0CCD><U+0CA8><U+0CBE><U+0C9F><U+0C95><U+0C95><U+0CCD><U+0C95><U+0CC6> <U+0C8F><U+0CA8><U+0CC1> <U+0CAE><U+0CBE><U+0CA1><U+0CBF><U+0CA6><U+0CCD><U+0CA6><U+0CBE><U+0CB0><U+0CC6>? <U+0C8E><U+0C82><U+0CA6> <U+0C9F><U+0CCD><U+0CB5><U+0CBF><U+0C9F><U+0CB0><U+0CBF><U+0C97><U+0CB0><U+0CC1>
   #ShivakumaraSwami https://t.co/FyyuezhPn2",FALSE,0,NA,2019-01-28 09:57:31,FALSE,NA,"1089824786547728384",NA,"<a href=""https://mobile.twitter.com"" rel=""nofollow"">Twitter Web App</a>","molakalmuru",9,TRUE,FALSE,NA,NA
"32","RT @Vijaykarnataka: <U+0CA8><U+0C9F> <U+0CAA><U+0CCD><U+0CB0><U+0CAD><U+0CC1><U+0CA6><U+0CC7><U+0CB5><U+0CBE> <U+0C95><U+0CB0><U+0CCD><U+0CA8><U+0CBE><U+0C9F><U+0C95><U+0C95><U+0CCD><U+0C95><U+0CC6> <U+0C8F><U+0CA8><U+0CC1> <U+0CAE><U+0CBE><U+0CA1><U+0CBF><U+0CA6><U+0CCD><U+0CA6><U+0CBE><U+0CB0><U+0CC6>? <U+0C8E><U+0C82><U+0CA6> <U+0C9F><U+0CCD><U+0CB5><U+0CBF><U+0C9F><U+0CB0><U+0CBF><U+0C97><U+0CB0><U+0CC1>
   #ShivakumaraSwami https://t.co/FyyuezhPn2",FALSE,0,NA,2019-01-28 09:44:27,FALSE,NA,"1089821496304902144",NA,"<a href=""http://twitter.com/download/android"" rel=""nofollow"">Twitter for Android</a>","SGNSSU",9,TRUE,FALSE,NA,NA
"33","RT @Vijaykarnataka: <U+0CA8><U+0C9F> <U+0CAA><U+0CCD><U+0CB0><U+0CAD><U+0CC1><U+0CA6><U+0CC7><U+0CB5><U+0CBE> <U+0C95><U+0CB0><U+0CCD><U+0CA8><U+0CBE><U+0C9F><U+0C95><U+0C95><U+0CCD><U+0C95><U+0CC6> <U+0C8F><U+0CA8><U+0CC1> <U+0CAE><U+0CBE><U+0CA1><U+0CBF><U+0CA6><U+0CCD><U+0CA6><U+0CBE><U+0CB0><U+0CC6>? <U+0C8E><U+0C82><U+0CA6> <U+0C9F><U+0CCD><U+0CB5><U+0CBF><U+0C9F><U+0CB0><U+0CBF><U+0C97><U+0CB0><U+0CC1>
   #ShivakumaraSwami https://t.co/FyyuezhPn2",FALSE,0,NA,2019-01-28 09:30:57,FALSE,NA,"1089818100655185920",NA,"<a href=""http://twitter.com"" rel=""nofollow"">Twitter Web Client</a>","R_Shankar_Gowda",9,TRUE,FALSE,NA,NA
"34","RT @SalmanKhanHolic: <U+2605> @PDdancing gears for #Dabangg3! “I have five different projects in Tamil as an actor which are in various stages of…",FALSE,0,NA,2019-01-28 09:20:37,FALSE,NA,"1089815501218480128",NA,"<a href=""http://twitter.com/download/android"" rel=""nofollow"">Twitter for Android</a>","antonette_souza",15,TRUE,FALSE,NA,NA
"35","RT @Vijaykarnataka: <U+0CA8><U+0C9F> <U+0CAA><U+0CCD><U+0CB0><U+0CAD><U+0CC1><U+0CA6><U+0CC7><U+0CB5><U+0CBE> <U+0C95><U+0CB0><U+0CCD><U+0CA8><U+0CBE><U+0C9F><U+0C95><U+0C95><U+0CCD><U+0C95><U+0CC6> <U+0C8F><U+0CA8><U+0CC1> <U+0CAE><U+0CBE><U+0CA1><U+0CBF><U+0CA6><U+0CCD><U+0CA6><U+0CBE><U+0CB0><U+0CC6>? <U+0C8E><U+0C82><U+0CA6> <U+0C9F><U+0CCD><U+0CB5><U+0CBF><U+0C9F><U+0CB0><U+0CBF><U+0C97><U+0CB0><U+0CC1>
   #ShivakumaraSwami https://t.co/FyyuezhPn2",FALSE,0,NA,2019-01-28 09:18:30,FALSE,NA,"1089814966956220416",NA,"<a href=""http://twitter.com/download/android"" rel=""nofollow"">Twitter for Android</a>","sukamuni",9,TRUE,FALSE,NA,NA
"36","<U+0CA8><U+0C9F> <U+0CAA><U+0CCD><U+0CB0><U+0CAD><U+0CC1><U+0CA6><U+0CC7><U+0CB5><U+0CBE> <U+0C95><U+0CB0><U+0CCD><U+0CA8><U+0CBE><U+0C9F><U+0C95><U+0C95><U+0CCD><U+0C95><U+0CC6> <U+0C8F><U+0CA8><U+0CC1> <U+0CAE><U+0CBE><U+0CA1><U+0CBF><U+0CA6><U+0CCD><U+0CA6><U+0CBE><U+0CB0><U+0CC6>? <U+0C8E><U+0C82><U+0CA6> <U+0C9F><U+0CCD><U+0CB5><U+0CBF><U+0C9F><U+0CB0><U+0CBF><U+0C97><U+0CB0><U+0CC1>
   #ShivakumaraSwami https://t.co/FyyuezhPn2",FALSE,28,NA,2019-01-28 09:06:35,FALSE,NA,"1089811967215366144",NA,"<a href=""http://www.toi.in"" rel=""nofollow"">cmssocialservice</a>","Vijaykarnataka",9,FALSE,FALSE,NA,NA
"37","RT @connectajitcpr: Prabhudheva on being conferred with #PadmaShri: I feel extremely honoured 

~Movies News https://t.co/N63oIzX5or",FALSE,0,NA,2019-01-28 08:42:54,FALSE,NA,"1089806009487355904",NA,"<a href=""http://twitter.com/download/android"" rel=""nofollow"">Twitter for Android</a>","Bhaweshkj",6,TRUE,FALSE,NA,NA
"38","RT @SalmanKhanHolic: <U+2605> @PDdancing gears for #Dabangg3! “I have five different projects in Tamil as an actor which are in various stages of…",FALSE,0,NA,2019-01-28 08:40:59,FALSE,NA,"1089805523921264640",NA,"<a href=""http://twitter.com/download/android"" rel=""nofollow"">Twitter for Android</a>","AuteYash",15,TRUE,FALSE,NA,NA
"39","RT @mystery0725: Prabhudheva: “I have 5 different projects in Tamil as an actor which are in  various stages of completion. And, I’ve to fi…",FALSE,0,NA,2019-01-28 08:37:26,FALSE,NA,"1089804632841367552",NA,"<a href=""http://twitter.com/download/android"" rel=""nofollow"">Twitter for Android</a>","ShakilSayyed15",17,TRUE,FALSE,NA,NA
"40","RT @mystery0725: Prabhudheva gears for #Dabangg3 || https://t.co/o7MHx5p2fo
#SalmanKhan",FALSE,0,NA,2019-01-28 08:36:16,FALSE,NA,"1089804336270458880",NA,"<a href=""http://twitter.com/download/android"" rel=""nofollow"">Twitter for Android</a>","ShakilSayyed15",28,TRUE,FALSE,NA,NA
"41","RT @SalmanKhanHolic: <U+2605> @PDdancing gears for #Dabangg3! “I have five different projects in Tamil as an actor which are in various stages of…",FALSE,0,NA,2019-01-28 08:34:19,FALSE,NA,"1089803847998963712",NA,"<a href=""http://twitter.com/download/android"" rel=""nofollow"">Twitter for Android</a>","ShakilSayyed15",15,TRUE,FALSE,NA,NA
"42","RT @mystery0725: Prabhudheva: “I have 5 different projects in Tamil as an actor which are in  various stages of completion. And, I’ve to fi…",FALSE,0,NA,2019-01-28 08:05:54,FALSE,NA,"1089796698069757952",NA,"<a href=""http://twitter.com/download/android"" rel=""nofollow"">Twitter for Android</a>","BeingJayadev",17,TRUE,FALSE,NA,NA
"43","RT @Iftykhan15: “I am working hard to ensure Dabangg 3 turns out as effective as the previous Dabangg films. Salman Khan and Arbaaz Khan ha…",FALSE,0,NA,2019-01-28 08:03:18,FALSE,NA,"1089796041413664768",NA,"<a href=""http://twitter.com/download/android"" rel=""nofollow"">Twitter for Android</a>","BeingJayadev",8,TRUE,FALSE,NA,NA
"44","RT @SalmanKhanHolic: <U+2605> @PDdancing gears for #Dabangg3! “I have five different projects in Tamil as an actor which are in various stages of…",FALSE,0,NA,2019-01-28 07:59:24,FALSE,NA,"1089795059409661953",NA,"<a href=""http://twitter.com/download/android"" rel=""nofollow"">Twitter for Android</a>","BeingJayadev",15,TRUE,FALSE,NA,NA
"45","RT @mystery0725: Prabhudheva gears for #Dabangg3 || https://t.co/o7MHx5p2fo
#SalmanKhan",FALSE,0,NA,2019-01-28 07:55:56,FALSE,NA,"1089794186323390465",NA,"<a href=""http://twitter.com/download/android"" rel=""nofollow"">Twitter for Android</a>","BeingJayadev",28,TRUE,FALSE,NA,NA
"46","RT @SalmanKhanHolic: <U+2605> @PDdancing gears for #Dabangg3! “I have five different projects in Tamil as an actor which are in various stages of…",FALSE,0,NA,2019-01-28 07:33:51,FALSE,NA,"1089788628895559680",NA,"<a href=""http://twitter.com/download/android"" rel=""nofollow"">Twitter for Android</a>","Mansoorisalman4",15,TRUE,FALSE,NA,NA
"47","RT @SalmanKhanHolic: <U+2605> @PDdancing gears for #Dabangg3! “I have five different projects in Tamil as an actor which are in various stages of…",FALSE,0,NA,2019-01-28 07:14:33,FALSE,NA,"1089783773036597249",NA,"<a href=""http://twitter.com/download/android"" rel=""nofollow"">Twitter for Android</a>","neelikhan",15,TRUE,FALSE,NA,NA
"48","RT @mystery0725: Prabhudheva gears for #Dabangg3 || https://t.co/o7MHx5p2fo
#SalmanKhan",FALSE,0,NA,2019-01-28 07:10:16,FALSE,NA,"1089782696346247168",NA,"<a href=""http://twitter.com/download/android"" rel=""nofollow"">Twitter for Android</a>","BeingKalptaru",28,TRUE,FALSE,NA,NA
"49","On getting the prestigious prize #PadmaShri in 2019, Prabhudeva expressed his feelings on being conferred the same.

https://t.co/5tItDxlh8W",FALSE,5,NA,2019-01-28 07:03:00,FALSE,NA,"1089780866304352256",NA,"<a href=""https://about.twitter.com/products/tweetdeck"" rel=""nofollow"">TweetDeck</a>","WIONews",0,FALSE,FALSE,NA,NA
"50","RT @mystery0725: Prabhudheva gears for #Dabangg3 || https://t.co/o7MHx5p2fo
#SalmanKhan",FALSE,0,NA,2019-01-28 06:58:06,FALSE,NA,"1089779634944630785",NA,"<a href=""http://twitter.com/download/android"" rel=""nofollow"">Twitter for Android</a>","ItzEnaya_",28,TRUE,FALSE,NA,NA
"51","RT @mystery0725: Prabhudheva gears for #Dabangg3 || https://t.co/o7MHx5p2fo
#SalmanKhan",FALSE,0,NA,2019-01-28 06:48:49,FALSE,NA,"1089777298151170049",NA,"<a href=""http://twitter.com/download/android"" rel=""nofollow"">Twitter for Android</a>","priyasal",28,TRUE,FALSE,NA,NA
"52","RT @SalmanKhanHolic: <U+2605> @PDdancing gears for #Dabangg3! “I have five different projects in Tamil as an actor which are in various stages of…",FALSE,0,NA,2019-01-28 05:58:14,FALSE,NA,"1089764568992231424",NA,"<a href=""http://twitter.com/download/android"" rel=""nofollow"">Twitter for Android</a>","AhirimSensin06",15,TRUE,FALSE,NA,NA
"53","“I am working hard to ensure Dabangg 3 turns out as effective as the previous Dabangg films. Salman Khan and Arbaaz… https://t.co/rQF90cpr91",FALSE,0,NA,2019-01-28 05:47:56,TRUE,NA,"1089761977096904705",NA,"<a href=""http://twitter.com/download/android"" rel=""nofollow"">Twitter for Android</a>","Salmans_MD",0,FALSE,FALSE,NA,NA
"54","RT @mystery0725: Prabhudheva: “I have 5 different projects in Tamil as an actor which are in  various stages of completion. And, I’ve to fi…",FALSE,0,NA,2019-01-28 05:43:26,FALSE,NA,"1089760841455538176",NA,"<a href=""http://twitter.com/download/android"" rel=""nofollow"">Twitter for Android</a>","RRModi3",17,TRUE,FALSE,NA,NA
"55","Can Prabhudheva be Lucky Charm For Salman - https://t.co/QxJTXP6IgX https://t.co/VnPxu0lzo5",FALSE,0,NA,2019-01-28 05:35:45,FALSE,NA,"1089758908338515969",NA,"<a href=""http://www.myfirstshow.com"" rel=""nofollow"">MyFirstShow.com</a>","myfirstshow",0,FALSE,FALSE,NA,NA
"56","RT @RIAZtheboss: Most Irritating Thing About #Prabhudheva ....??? <f0><U+009F><U+0098><U+0082><f0><U+009F><U+0098><U+008F>

Watch How #NikkiGalrani
Reveals Some Interesting Stories About Her Co…",FALSE,0,NA,2019-01-28 05:03:21,FALSE,NA,"1089750756415045632",NA,"<a href=""http://twitter.com/download/android"" rel=""nofollow"">Twitter for Android</a>","Samreen_Riaz15",8,TRUE,FALSE,NA,NA
"57","RT @Iftykhan15: “I am working hard to ensure Dabangg 3 turns out as effective as the previous Dabangg films. Salman Khan and Arbaaz Khan ha…",FALSE,0,NA,2019-01-28 04:52:58,FALSE,NA,"1089748142679941120",NA,"<a href=""http://twitter.com/download/android"" rel=""nofollow"">Twitter for Android</a>","irshu_being",8,TRUE,FALSE,NA,NA
"58","RT @mystery0725: Prabhudheva gears for #Dabangg3 || https://t.co/o7MHx5p2fo
#SalmanKhan",FALSE,0,NA,2019-01-28 04:45:38,FALSE,NA,"1089746297010249728",NA,"<a href=""https://mobile.twitter.com"" rel=""nofollow"">Twitter Web App</a>","cheena92",28,TRUE,FALSE,NA,NA
"59","RT @SalmanKhanHolic: <U+2605> @PDdancing gears for #Dabangg3! “I have five different projects in Tamil as an actor which are in various stages of…",FALSE,0,NA,2019-01-28 04:42:11,FALSE,NA,"1089745430936776706",NA,"<a href=""https://mobile.twitter.com"" rel=""nofollow"">Twitter Web App</a>","cheena92",15,TRUE,FALSE,NA,NA
"60","RT @SalmanKhanHolic: <U+2605> @PDdancing gears for #Dabangg3! “I have five different projects in Tamil as an actor which are in various stages of…",FALSE,0,NA,2019-01-28 04:42:00,FALSE,NA,"1089745383805370369",NA,"<a href=""http://twitter.com/download/android"" rel=""nofollow"">Twitter for Android</a>","TigerZindaHai27",15,TRUE,FALSE,NA,NA
"61","RT @mystery0725: Prabhudheva: “I have 5 different projects in Tamil as an actor which are in  various stages of completion. And, I’ve to fi…",FALSE,0,NA,2019-01-28 04:41:08,FALSE,NA,"1089745166326321152",NA,"<a href=""http://twitter.com/download/android"" rel=""nofollow"">Twitter for Android</a>","behas_zul",17,TRUE,FALSE,NA,NA
"62","RT @mystery0725: Prabhudheva gears for #Dabangg3 || https://t.co/o7MHx5p2fo
#SalmanKhan",FALSE,0,NA,2019-01-28 04:40:10,FALSE,NA,"1089744921597075456",NA,"<a href=""http://twitter.com/download/android"" rel=""nofollow"">Twitter for Android</a>","behas_zul",28,TRUE,FALSE,NA,NA
"63","RT @mystery0725: Prabhudheva gears for #Dabangg3 || https://t.co/o7MHx5p2fo
#SalmanKhan",FALSE,0,NA,2019-01-28 04:37:41,FALSE,NA,"1089744297350463488",NA,"<a href=""https://mobile.twitter.com"" rel=""nofollow"">Twitter Web App</a>","vin_jain2",28,TRUE,FALSE,NA,NA
"64","Prabhudheva gears for Dabangg 3 https://t.co/VKe2T2mInz",FALSE,0,NA,2019-01-28 04:35:34,FALSE,NA,"1089743762585280512",NA,"<a href=""http://www.facebook.com/twitter"" rel=""nofollow"">Facebook</a>","independentbd",0,FALSE,FALSE,NA,NA
"65","RT @mystery0725: Prabhudheva gears for #Dabangg3 || https://t.co/o7MHx5p2fo
#SalmanKhan",FALSE,0,NA,2019-01-28 04:31:49,FALSE,NA,"1089742821337124864",NA,"<a href=""http://twitter.com/download/android"" rel=""nofollow"">Twitter for Android</a>","DabanggSikander",28,TRUE,FALSE,NA,NA
"66","RT @mystery0725: Prabhudheva: “I have 5 different projects in Tamil as an actor which are in  various stages of completion. And, I’ve to fi…",FALSE,0,NA,2019-01-28 04:31:23,FALSE,NA,"1089742710997639168",NA,"<a href=""http://twitter.com/download/android"" rel=""nofollow"">Twitter for Android</a>","DabanggSikander",17,TRUE,FALSE,NA,NA
"67","RT @SalmanKhanHolic: <U+2605> @PDdancing gears for #Dabangg3! “I have five different projects in Tamil as an actor which are in various stages of…",FALSE,0,NA,2019-01-28 04:20:24,FALSE,NA,"1089739948486316038",NA,"<a href=""http://twitter.com/download/android"" rel=""nofollow"">Twitter for Android</a>","itz_faiz",15,TRUE,FALSE,NA,NA
"68","RT @mystery0725: Prabhudheva gears for #Dabangg3 || https://t.co/o7MHx5p2fo
#SalmanKhan",FALSE,0,NA,2019-01-28 04:16:52,FALSE,NA,"1089739057595244544",NA,"<a href=""http://twitter.com/download/android"" rel=""nofollow"">Twitter for Android</a>","opsinghm",28,TRUE,FALSE,NA,NA
"69","<U+2605> @PDdancing gears for #Dabangg3! “I have five different projects in Tamil as an actor which are in various stages… https://t.co/aWA7X3SwOL",FALSE,45,NA,2019-01-28 04:06:39,TRUE,NA,"1089736488999415809",NA,"<a href=""http://twitter.com"" rel=""nofollow"">Twitter Web Client</a>","SalmanKhanHolic",15,FALSE,FALSE,NA,NA
"70","RT @mystery0725: Prabhudheva: “I have 5 different projects in Tamil as an actor which are in  various stages of completion. And, I’ve to fi…",FALSE,0,NA,2019-01-28 04:05:57,FALSE,NA,"1089736310208765952",NA,"<a href=""http://twitter.com/download/iphone"" rel=""nofollow"">Twitter for iPhone</a>","t3reed",17,TRUE,FALSE,NA,NA
"71","RT @mystery0725: Prabhudheva: “I have 5 different projects in Tamil as an actor which are in  various stages of completion. And, I’ve to fi…",FALSE,0,NA,2019-01-28 04:00:50,FALSE,NA,"1089735021626179584",NA,"<a href=""http://twitter.com"" rel=""nofollow"">Twitter Web Client</a>","Erfan773",17,TRUE,FALSE,NA,NA
"72","RT @mystery0725: Prabhudheva gears for #Dabangg3 || https://t.co/o7MHx5p2fo
#SalmanKhan",FALSE,0,NA,2019-01-28 03:59:57,FALSE,NA,"1089734800687001603",NA,"<a href=""http://twitter.com"" rel=""nofollow"">Twitter Web Client</a>","Erfan773",28,TRUE,FALSE,NA,NA
"73","RT @mystery0725: Prabhudheva gears for #Dabangg3 || https://t.co/o7MHx5p2fo
#SalmanKhan",FALSE,0,NA,2019-01-28 03:55:19,FALSE,NA,"1089733634079129600",NA,"<a href=""http://twitter.com/download/android"" rel=""nofollow"">Twitter for Android</a>","i_yogesh22",28,TRUE,FALSE,NA,NA
"74","RT @mystery0725: Prabhudheva: “I have 5 different projects in Tamil as an actor which are in  various stages of completion. And, I’ve to fi…",FALSE,0,NA,2019-01-28 03:53:48,FALSE,NA,"1089733251986542592",NA,"<a href=""http://twitter.com/download/android"" rel=""nofollow"">Twitter for Android</a>","iBeing_Gaurav",17,TRUE,FALSE,NA,NA
"75","RT @mystery0725: Prabhudheva: “I have 5 different projects in Tamil as an actor which are in  various stages of completion. And, I’ve to fi…",FALSE,0,NA,2019-01-28 03:42:18,FALSE,NA,"1089730359758151680",NA,"<a href=""http://twitter.com/download/android"" rel=""nofollow"">Twitter for Android</a>","Prashan24170257",17,TRUE,FALSE,NA,NA
"76","RT @Iftykhan15: “I am working hard to ensure Dabangg 3 turns out as effective as the previous Dabangg films. Salman Khan and Arbaaz Khan ha…",FALSE,0,NA,2019-01-28 03:42:10,FALSE,NA,"1089730325427548161",NA,"<a href=""http://twitter.com/download/android"" rel=""nofollow"">Twitter for Android</a>","BeingAltaf",8,TRUE,FALSE,NA,NA
"77","RT @mystery0725: Prabhudheva gears for #Dabangg3 || https://t.co/o7MHx5p2fo
#SalmanKhan",FALSE,0,NA,2019-01-28 03:39:21,FALSE,NA,"1089729615160061952",NA,"<a href=""http://twitter.com/download/android"" rel=""nofollow"">Twitter for Android</a>","Prashan24170257",28,TRUE,FALSE,NA,NA
"78","RT @mystery0725: Prabhudheva gears for #Dabangg3 || https://t.co/o7MHx5p2fo
#SalmanKhan",FALSE,0,NA,2019-01-28 03:25:30,FALSE,NA,"1089726132016967680",NA,"<a href=""http://twitter.com/download/android"" rel=""nofollow"">Twitter for Android</a>","SatishJ27140868",28,TRUE,FALSE,NA,NA
"79","RT @mystery0725: Prabhudheva gears for #Dabangg3 || https://t.co/o7MHx5p2fo
#SalmanKhan",FALSE,0,NA,2019-01-28 02:54:41,FALSE,NA,"1089718378032480256",NA,"<a href=""http://twitter.com/#!/download/ipad"" rel=""nofollow"">Twitter for iPad</a>","Salman_Preeti",28,TRUE,FALSE,NA,NA
"80","RT @mystery0725: Prabhudheva: “I have 5 different projects in Tamil as an actor which are in  various stages of completion. And, I’ve to fi…",FALSE,0,NA,2019-01-28 00:39:08,FALSE,NA,"1089684265879650310",NA,"<a href=""http://twitter.com"" rel=""nofollow"">Twitter Web Client</a>","Baheshta_S",17,TRUE,FALSE,NA,NA
"81","RT @mystery0725: Prabhudheva: “I have 5 different projects in Tamil as an actor which are in  various stages of completion. And, I’ve to fi…",FALSE,0,NA,2019-01-27 20:28:14,FALSE,NA,"1089621122910507008",NA,"<a href=""http://twitter.com/download/android"" rel=""nofollow"">Twitter for Android</a>","GuruAhmedShoaib",17,TRUE,FALSE,NA,NA
"82","RT @mystery0725: Prabhudheva gears for #Dabangg3 || https://t.co/o7MHx5p2fo
#SalmanKhan",FALSE,0,NA,2019-01-27 20:18:57,FALSE,NA,"1089618785710100480",NA,"<a href=""http://twitter.com/download/iphone"" rel=""nofollow"">Twitter for iPhone</a>","bthapakc",28,TRUE,FALSE,NA,NA
"83","RT @Iftykhan15: “I am working hard to ensure Dabangg 3 turns out as effective as the previous Dabangg films. Salman Khan and Arbaaz Khan ha…",FALSE,0,NA,2019-01-27 20:16:33,FALSE,NA,"1089618180908167168",NA,"<a href=""http://twitter.com/download/iphone"" rel=""nofollow"">Twitter for iPhone</a>","bthapakc",8,TRUE,FALSE,NA,NA
"84","RT @mystery0725: Prabhudheva gears for #Dabangg3 || https://t.co/o7MHx5p2fo
#SalmanKhan",FALSE,0,NA,2019-01-27 20:08:23,FALSE,NA,"1089616126781386752",NA,"<a href=""http://twitter.com"" rel=""nofollow"">Twitter Web Client</a>","AhirimSensin06",28,TRUE,FALSE,NA,NA
"85","RT @mystery0725: Prabhudheva: “I have 5 different projects in Tamil as an actor which are in  various stages of completion. And, I’ve to fi…",FALSE,0,NA,2019-01-27 20:07:24,FALSE,NA,"1089615881154543621",NA,"<a href=""http://twitter.com"" rel=""nofollow"">Twitter Web Client</a>","AhirimSensin06",17,TRUE,FALSE,NA,NA
"86","RT @mystery0725: Prabhudheva gears for #Dabangg3 || https://t.co/o7MHx5p2fo
#SalmanKhan",FALSE,0,NA,2019-01-27 20:06:47,FALSE,NA,"1089615724551815168",NA,"<a href=""http://twitter.com/download/android"" rel=""nofollow"">Twitter for Android</a>","Usmansh58805742",28,TRUE,FALSE,NA,NA
"87","RT @Iftykhan15: “I am working hard to ensure Dabangg 3 turns out as effective as the previous Dabangg films. Salman Khan and Arbaaz Khan ha…",FALSE,0,NA,2019-01-27 19:39:16,FALSE,NA,"1089608799600689153",NA,"<a href=""http://twitter.com/download/android"" rel=""nofollow"">Twitter for Android</a>","antonette_souza",8,TRUE,FALSE,NA,NA
"88","RT @mystery0725: Prabhudheva gears for #Dabangg3 || https://t.co/o7MHx5p2fo
#SalmanKhan",FALSE,0,NA,2019-01-27 19:36:29,FALSE,NA,"1089608099948679168",NA,"<a href=""https://mobile.twitter.com"" rel=""nofollow"">Twitter Web App</a>","BharatAK1",28,TRUE,FALSE,NA,NA
"89","RT @mystery0725: Prabhudheva: “I have 5 different projects in Tamil as an actor which are in  various stages of completion. And, I’ve to fi…",FALSE,0,NA,2019-01-27 19:32:02,FALSE,NA,"1089606977658019840",NA,"<a href=""http://twitter.com/download/android"" rel=""nofollow"">Twitter for Android</a>","zaroonmalik6",17,TRUE,FALSE,NA,NA
"90","RT @mystery0725: Prabhudheva: “I have 5 different projects in Tamil as an actor which are in  various stages of completion. And, I’ve to fi…",FALSE,0,NA,2019-01-27 19:31:29,FALSE,NA,"1089606839950606336",NA,"<a href=""http://twitter.com/download/android"" rel=""nofollow"">Twitter for Android</a>","beingdev_1",17,TRUE,FALSE,NA,NA
"91","RT @mystery0725: Prabhudheva gears for #Dabangg3 || https://t.co/o7MHx5p2fo
#SalmanKhan",FALSE,0,NA,2019-01-27 19:31:28,FALSE,NA,"1089606836792315904",NA,"<a href=""http://twitter.com/download/android"" rel=""nofollow"">Twitter for Android</a>","zaroonmalik6",28,TRUE,FALSE,NA,NA
"92","Prabhudheva gears for #Dabangg3 || https://t.co/o7MHx5p2fo
#SalmanKhan",FALSE,61,NA,2019-01-27 19:28:30,FALSE,NA,"1089606088809418753",NA,"<a href=""http://twitter.com"" rel=""nofollow"">Twitter Web Client</a>","mystery0725",28,FALSE,FALSE,NA,NA
"93","RT @mystery0725: Prabhudheva: “I have 5 different projects in Tamil as an actor which are in  various stages of completion. And, I’ve to fi…",FALSE,0,NA,2019-01-27 19:27:51,FALSE,NA,"1089605926032674816",NA,"<a href=""http://twitter.com/download/android"" rel=""nofollow"">Twitter for Android</a>","BeingPrashant96",17,TRUE,FALSE,NA,NA
"94","Prabhudheva on being conferred with #PadmaShri: I feel extremely honoured 

~Movies News https://t.co/N63oIzX5or",FALSE,10,NA,2019-01-27 19:23:07,FALSE,NA,"1089604736310018049",NA,"<a href=""http://twitter.com/download/iphone"" rel=""nofollow"">Twitter for iPhone</a>","connectajitcpr",6,FALSE,FALSE,NA,NA
"95","Prabhudheva: “I have 5 different projects in Tamil as an actor which are in  various stages of completion. And, I’v… https://t.co/ES8G7UL8xK",FALSE,55,NA,2019-01-27 19:22:24,TRUE,NA,"1089604554663055362",NA,"<a href=""http://twitter.com"" rel=""nofollow"">Twitter Web Client</a>","mystery0725",17,FALSE,FALSE,NA,NA
"96","RT @Iftykhan15: “I am working hard to ensure Dabangg 3 turns out as effective as the previous Dabangg films. Salman Khan and Arbaaz Khan ha…",FALSE,0,NA,2019-01-27 19:21:33,FALSE,NA,"1089604343257395200",NA,"<a href=""https://mobile.twitter.com"" rel=""nofollow"">Mobile Web (M2)</a>","neelikhan",8,TRUE,FALSE,NA,NA
"97","“I am working hard to ensure Dabangg 3 turns out as effective as the previous Dabangg films. Salman Khan and Arbaaz… https://t.co/tHgcFSDvDa",FALSE,19,NA,2019-01-27 19:20:30,TRUE,NA,"1089604077963616262",NA,"<a href=""https://mobile.twitter.com"" rel=""nofollow"">Twitter Web App</a>","Iftykhan15",8,FALSE,FALSE,NA,NA
"98","Prabhudheva on being conferred with Padma Shri: I feel extremely honoured https://t.co/UHsVy64mwS",FALSE,0,NA,2019-01-27 17:12:28,FALSE,NA,"1089571856242352128",NA,"<a href=""http://www.facebook.com/twitter"" rel=""nofollow"">Facebook</a>","singhrakeshq",0,FALSE,FALSE,NA,NA
"99","RT @Iftykhan15: #Dabangg3 to be directed by #PrabhuDheva with #SalmanKhan and #SonakshiSinha in leads! <f0><U+009F><U+0094><U+00A5><f0><U+009F><U+0094><U+00A5><f0><U+009F><U+0094><U+00A5>
#LookGoodDoGood https://t.co/iLS…",FALSE,0,NA,2019-01-27 14:14:07,FALSE,NA,"1089526971631976452",NA,"<a href=""http://twitter.com/download/android"" rel=""nofollow"">Twitter for Android</a>","Mansoorisalman4",9,TRUE,FALSE,NA,NA
"100","RT @Iftykhan15: #Dabangg3 to be directed by #PrabhuDheva with #SalmanKhan and #SonakshiSinha in leads! <f0><U+009F><U+0094><U+00A5><f0><U+009F><U+0094><U+00A5><f0><U+009F><U+0094><U+00A5>
#LookGoodDoGood https://t.co/iLS…",FALSE,0,NA,2019-01-27 13:53:23,FALSE,NA,"1089521754261745664",NA,"<a href=""http://twitter.com/download/android"" rel=""nofollow"">Twitter for Android</a>","neelikhan",9,TRUE,FALSE,NA,NA
